method,method_family
PA,degree_based
CAR-RA,enhanced_local
FSW,enhanced_local
IA2,enhanced_local
RA-CNI,enhanced_local
LNB-RA,local_bayesian
AA,local_similarity
CN,local_similarity
HDI,local_similarity
HPI,local_similarity
JA,local_similarity
LLHN,local_similarity
RA,local_similarity
SA,local_similarity
SO,local_similarity
LPI-beta-0.001,quasi_local_path
LRW-l3,quasi_local_walk
PFP-l3,quasi_local_walk
SRW-l3,quasi_local_walk
